HTTrack3.49-2+htsswf+htsjava launched on Sat, 02 Dec 2023 19:14:53 at https://thietbitienphat.vn/ +*.png +*.gif +*.jpg +*.jpeg +*.css +*.js -ad.doubleclick.net/* -mime:application/foobar
(winhttrack -qwC2%Ps2u1%s%uN0%I0p3DaK0H0%kf2A25000%f#f -F "Mozilla/4.5 (compatible; HTTrack 3.0x; Windows 98)" -%F "<!-- Mirrored from %s%s by HTTrack Website Copier/3.x [XR&CO'2014], %s -->" -%l "en, *" https://thietbitienphat.vn/ -O1 "E:\Works\CloneDPV2\ThietBi" +*.png +*.gif +*.jpg +*.jpeg +*.css +*.js -ad.doubleclick.net/* -mime:application/foobar )

Information, Warnings and Errors reported for this mirror:
note:	the hts-log.txt file, and hts-cache folder, may contain sensitive information,
	such as username/password authentication for websites mirrored in this project
	do not share these files/folders if you want these information to remain private

19:15:46	Error: 	"Forbidden" (403) at link https://thietbitienphat.vn/xmlrpc.php?rsd (from https://thietbitienphat.vn/)
19:15:46	Error: 	"Not Found" (404) at link shopdemo.mrken.asia/wp-content/plugins/gtranslate/flags/24/en.png (from https://thietbitienphat.vn/)
19:15:46	Error: 	"Not Found" (404) at link shopdemo.mrken.asia/wp-content/plugins/gtranslate/flags/24/vi.png (from https://thietbitienphat.vn/)
19:18:08	Error: 	"Error when decompressing" (-1) at link https://thietbitienphat.vn/mua/micropipette-1-kenh-tich-10-100-μl/ (from https://thietbitienphat.vn/)
19:18:08	Error: 	"Error when decompressing" (-1) at link https://thietbitienphat.vn/mua/micropipette-1-kenh-tich-2-20-μl/ (from https://thietbitienphat.vn/)
19:19:00	Error: 	"Not Found" (404) at link https://thietbitienphat.vn/tin-tuc (from https://thietbitienphat.vn/)
19:19:00	Warning: 	Retry after error 500 (Internal Server Error) at link https://thietbitienphat.vn/wp-content/themes/thientrieu/ (from https://thietbitienphat.vn/)
19:19:01	Warning: 	Moved Permanently for https://thietbitienphat.vn/?p=2
19:19:01	Warning: 	File has moved from https://thietbitienphat.vn/?p=2 to https://thietbitienphat.vn/gioi-thieu/
19:20:25	Warning: 	Moved Permanently for https://thietbitienphat.vn/?p=15
19:20:25	Warning: 	File has moved from https://thietbitienphat.vn/?p=15 to https://thietbitienphat.vn/tai-khoan/
19:20:26	Warning: 	Moved Permanently for https://thietbitienphat.vn/?p=13
19:20:26	Warning: 	File has moved from https://thietbitienphat.vn/?p=13 to https://thietbitienphat.vn/gio-hang/
19:20:26	Warning: 	Moved Permanently for https://thietbitienphat.vn/?p=7
19:20:26	Warning: 	File has moved from https://thietbitienphat.vn/?p=7 to https://thietbitienphat.vn/lien-he/
19:24:30	Warning: 	Moved Permanently for https://thietbitienphat.vn/?p=579
19:24:30	Warning: 	File has moved from https://thietbitienphat.vn/?p=579 to https://thietbitienphat.vn/mua/may-cat-nuoc-mot-lan-4-litgio-opti-m-4/
19:24:34	Warning: 	Moved Permanently for https://thietbitienphat.vn/?p=577
19:24:34	Warning: 	File has moved from https://thietbitienphat.vn/?p=577 to https://thietbitienphat.vn/mua/may-cat-nuoc-2-lan-4-litgio/
19:24:34	Warning: 	Moved Permanently for https://thietbitienphat.vn/?p=575
19:24:34	Warning: 	File has moved from https://thietbitienphat.vn/?p=575 to https://thietbitienphat.vn/mua/may-lac-vortex-vortex-mixer/
19:24:39	Error: 	"Error when decompressing" (-1) at link https://thietbitienphat.vn/mua/micropipette-1-kenh-tich-1000-5000-μl/ (from https://thietbitienphat.vn/mua/may-lac-vortex-vortex-mixer/)
19:24:39	Warning: 	Moved Permanently for https://thietbitienphat.vn/?p=571
19:24:39	Warning: 	File has moved from https://thietbitienphat.vn/?p=571 to https://thietbitienphat.vn/mua/may-khuay-dua-hien/
19:24:39	Warning: 	Moved Permanently for https://thietbitienphat.vn/?p=569
19:24:39	Warning: 	File has moved from https://thietbitienphat.vn/?p=569 to https://thietbitienphat.vn/mua/may-quang-pho-kha-kien/
19:24:39	Warning: 	Moved Permanently for https://thietbitienphat.vn/?p=513
19:24:39	Warning: 	File has moved from https://thietbitienphat.vn/?p=513 to https://thietbitienphat.vn/mua/gia-giu-micropipette-loai-5-vi-tri/
19:24:39	Error: 	"Not Found" (404) at link https://thietbitienphat.vn/thumbnail.php?src=https://thietbitienphat.vn/wp-content/uploads/2020/01/GIA-GIU-PIPET-CAPP.jpg&w=420&h=420&zc=1&a=c (from https://thietbitienphat.vn/mua/gia-giu-micropipette-loai-5-vi-tri/)
19:24:39	Warning: 	Moved Permanently for https://thietbitienphat.vn/?p=498
19:24:39	Warning: 	File has moved from https://thietbitienphat.vn/?p=498 to https://thietbitienphat.vn/mua/may-khuay-tu-gia-nhiet-hien-thi/
19:24:39	Warning: 	Moved Permanently for https://thietbitienphat.vn/?p=960
19:24:39	Warning: 	File has moved from https://thietbitienphat.vn/?p=960 to https://thietbitienphat.vn/mua/tu-lanh-model-labfreez-100/
19:24:41	Warning: 	Moved Permanently for https://thietbitienphat.vn/?p=957
19:24:41	Warning: 	File has moved from https://thietbitienphat.vn/?p=957 to https://thietbitienphat.vn/mua/may-loc-nuoc-sieu-sach-su-dung-cho-icp-aas-hplc-khong-co-binh-chua-2/
19:24:41	Warning: 	Moved Permanently for https://thietbitienphat.vn/?p=954
19:24:41	Warning: 	File has moved from https://thietbitienphat.vn/?p=954 to https://thietbitienphat.vn/mua/may-loc-nuoc-sieu-sach-su-dung-cho-icp-aas-hplc-khong-co-binh-chua/
19:24:44	Warning: 	Moved Permanently for https://thietbitienphat.vn/?p=951
19:24:44	Warning: 	File has moved from https://thietbitienphat.vn/?p=951 to https://thietbitienphat.vn/mua/bo-loc-chan-khong-nut-silicon/
19:24:44	Warning: 	Moved Permanently for https://thietbitienphat.vn/?p=948
19:24:44	Warning: 	File has moved from https://thietbitienphat.vn/?p=948 to https://thietbitienphat.vn/mua/thiet-bi-pha-mau-cho-cod-model-ec08/
19:24:44	Warning: 	Moved Permanently for https://thietbitienphat.vn/?p=946
19:24:44	Warning: 	File has moved from https://thietbitienphat.vn/?p=946 to https://thietbitienphat.vn/mua/thiet-bi-bod-model-bod5/
19:24:44	Warning: 	Moved Permanently for https://thietbitienphat.vn/?p=944
19:24:44	Warning: 	File has moved from https://thietbitienphat.vn/?p=944 to https://thietbitienphat.vn/mua/bo-chiet-xo-lanh-coex-velp-italy/
19:24:44	Warning: 	Moved Permanently for https://thietbitienphat.vn/?p=942
19:24:44	Warning: 	File has moved from https://thietbitienphat.vn/?p=942 to https://thietbitienphat.vn/mua/bo-chiet-xo-model-fiwe-6/
19:24:44	Warning: 	Moved Permanently for https://thietbitienphat.vn/?p=940
19:24:44	Warning: 	File has moved from https://thietbitienphat.vn/?p=940 to https://thietbitienphat.vn/mua/bo-chiet-chat-beo-soxhlet-6-vi-tri-model-ser1486/
19:24:44	Warning: 	Moved Permanently for https://thietbitienphat.vn/?p=937
19:24:44	Warning: 	File has moved from https://thietbitienphat.vn/?p=937 to https://thietbitienphat.vn/mua/tu-toan-code-894500/
19:24:44	Error: 	"Error when decompressing" (-1) at link https://thietbitienphat.vn/mua/micropipette-1-kenh-tich-100-1000-μl/ (from https://thietbitienphat.vn/mua/tu-toan-code-894500/)
19:24:44	Warning: 	Moved Permanently for https://thietbitienphat.vn/?p=935
19:24:44	Warning: 	File has moved from https://thietbitienphat.vn/?p=935 to https://thietbitienphat.vn/mua/tu-hut-khi-doc-model-fh-1500/
19:24:46	Warning: 	Moved Permanently for https://thietbitienphat.vn/?p=933
19:24:46	Warning: 	File has moved from https://thietbitienphat.vn/?p=933 to https://thietbitienphat.vn/mua/tu-hut-khi-doc-model-fh-1200/
19:24:46	Warning: 	Moved Permanently for https://thietbitienphat.vn/?p=930
19:24:46	Warning: 	File has moved from https://thietbitienphat.vn/?p=930 to https://thietbitienphat.vn/mua/kinh-hien-vi-soi-noi-co-den-chieu-sang-kep/
19:24:46	Warning: 	Moved Permanently for https://thietbitienphat.vn/?p=928
19:24:46	Warning: 	File has moved from https://thietbitienphat.vn/?p=928 to https://thietbitienphat.vn/mua/kinh-hien-vi-soi-noi-co-den-led-chieu-sang-kep/
19:24:46	Warning: 	Moved Permanently for https://thietbitienphat.vn/?p=925
19:24:46	Warning: 	File has moved from https://thietbitienphat.vn/?p=925 to https://thietbitienphat.vn/mua/kinh-hien-vi-quynh-quang-voi-vat-kinh-chuyen-dung-cho-huynh-quang-plan-semi-apochromatic/
19:24:46	Warning: 	Moved Permanently for https://thietbitienphat.vn/?p=765
19:24:46	Warning: 	File has moved from https://thietbitienphat.vn/?p=765 to https://thietbitienphat.vn/mua/bep-cach-thuy/
19:24:46	Error: 	"Error when decompressing" (-1) at link https://thietbitienphat.vn/mua/micropipette-1-kenh-tich-20-200-μl/ (from https://thietbitienphat.vn/mua/bep-cach-thuy/)
19:24:46	Warning: 	Moved Permanently for https://thietbitienphat.vn/?p=902
19:24:46	Warning: 	File has moved from https://thietbitienphat.vn/?p=902 to https://thietbitienphat.vn/mua/rua-sieu-gia-nhiet-s300h/
19:24:46	Warning: 	Moved Permanently for https://thietbitienphat.vn/?p=838
19:24:46	Warning: 	File has moved from https://thietbitienphat.vn/?p=838 to https://thietbitienphat.vn/mua/may-dem-hat-bui-cam-tay-gt-526s/
19:24:46	Warning: 	Moved Permanently for https://thietbitienphat.vn/?p=592
19:24:46	Warning: 	File has moved from https://thietbitienphat.vn/?p=592 to https://thietbitienphat.vn/thit-doi-gia-ba-noi-tro-xo-den-bach-hoa-xanh-san-ca-nhap-khau-49k/
19:24:46	Warning: 	Moved Permanently for https://thietbitienphat.vn/?p=589
19:24:46	Warning: 	File has moved from https://thietbitienphat.vn/?p=589 to https://thietbitienphat.vn/khong-phai-cho-day-moi-la-thien-duong-sam-tet-cho-cac-ba-noi-tro/
19:24:46	Warning: 	Moved Permanently for https://thietbitienphat.vn/?p=586
19:24:46	Warning: 	File has moved from https://thietbitienphat.vn/?p=586 to https://thietbitienphat.vn/vingroup-rut-lui-khoi-linh-vuc-hang-khong-hoc-vien-truong-dao-tao-vinaviation-se-ra-sao/
19:24:46	Warning: 	Moved Permanently for https://thietbitienphat.vn/?p=583
19:24:46	Warning: 	File has moved from https://thietbitienphat.vn/?p=583 to https://thietbitienphat.vn/bac-ninh-phat-lo-cong-ty-tuon-kim-cham-cuu-bao-cao-su-gia-ra-thi-truong/
19:24:46	Warning: 	Retry after error 500 (Internal Server Error) at link https://thietbitienphat.vn/wp-content/themes/thientrieu/ (from https://thietbitienphat.vn/)
19:25:24	Error: 	"Error when decompressing" (-1) at link https://thietbitienphat.vn/mua/micropipette-1-kenh-tich-0-5-10-μl/ (from https://thietbitienphat.vn/nha-san-xuat/capp-dan-mach/)
19:25:24	Error: 	"Error when decompressing" (-1) at link https://thietbitienphat.vn/mua/micropipette-1-kenh-tich-1000-5000-μl-2/ (from https://thietbitienphat.vn/nha-san-xuat/capp-dan-mach/)
19:25:24	Error: 	"Error when decompressing" (-1) at link https://thietbitienphat.vn/mua/micropipette-1-kenh-tich-20-200-μl-2/ (from https://thietbitienphat.vn/nha-san-xuat/capp-dan-mach/)
19:25:24	Error: 	"Error when decompressing" (-1) at link https://thietbitienphat.vn/mua/micropipette-1-kenh-tich-0-1-2-μl/ (from https://thietbitienphat.vn/nha-san-xuat/capp-dan-mach/)
19:27:11	Warning: 	Moved Permanently for https://thietbitienphat.vn/mua/page/1/
19:27:11	Warning: 	File has moved from https://thietbitienphat.vn/mua/page/1/ to https://thietbitienphat.vn/mua/
19:27:11	Warning: 	Moved Permanently for https://thietbitienphat.vn/?p=758
19:27:11	Warning: 	File has moved from https://thietbitienphat.vn/?p=758 to https://thietbitienphat.vn/mua/dieu-nhiet-tuan-hoan-lanh/
19:27:11	Warning: 	Moved Permanently for https://thietbitienphat.vn/?p=733
19:27:11	Warning: 	File has moved from https://thietbitienphat.vn/?p=733 to https://thietbitienphat.vn/mua/dieu-nhiet-tuan-hoan-lanh-lc-lt222/
19:27:11	Warning: 	Moved Permanently for https://thietbitienphat.vn/?p=735
19:27:11	Warning: 	File has moved from https://thietbitienphat.vn/?p=735 to https://thietbitienphat.vn/mua/dieu-nhiet-tuan-hoan-lanh-lc-lt230/
19:27:11	Warning: 	Moved Permanently for https://thietbitienphat.vn/?p=759
19:27:11	Warning: 	File has moved from https://thietbitienphat.vn/?p=759 to https://thietbitienphat.vn/mua/dieu-nhiet-tuan-hoan-lanh-sau/
19:27:11	Warning: 	Moved Permanently for https://thietbitienphat.vn/?p=760
19:27:11	Warning: 	File has moved from https://thietbitienphat.vn/?p=760 to https://thietbitienphat.vn/mua/dieu-nhiet-tuan-hoan-lanh-sau-2/
19:27:11	Warning: 	Moved Permanently for https://thietbitienphat.vn/?p=899
19:27:11	Warning: 	File has moved from https://thietbitienphat.vn/?p=899 to https://thietbitienphat.vn/mua/rua-sieu-hien-thi-co-chuc-nang-gia-nhiet/
19:27:11	Warning: 	Moved Permanently for https://thietbitienphat.vn/?p=527
19:27:11	Warning: 	File has moved from https://thietbitienphat.vn/?p=527 to https://thietbitienphat.vn/mua/rua-sieu-hien-thi-model-wuc-d03h/
19:27:11	Warning: 	Moved Permanently for https://thietbitienphat.vn/?p=529
19:27:11	Warning: 	File has moved from https://thietbitienphat.vn/?p=529 to https://thietbitienphat.vn/mua/rua-sieu-hien-thi-model-wuc-d06h/
19:27:11	Warning: 	Moved Permanently for https://thietbitienphat.vn/?p=768
19:27:11	Warning: 	File has moved from https://thietbitienphat.vn/?p=768 to https://thietbitienphat.vn/mua/bep-cach-thuy-2/
19:27:11	Warning: 	Moved Permanently for https://thietbitienphat.vn/?p=769
19:27:11	Warning: 	File has moved from https://thietbitienphat.vn/?p=769 to https://thietbitienphat.vn/mua/bep-cach-thuy-3/
19:27:11	Warning: 	Moved Permanently for https://thietbitienphat.vn/?p=425
19:27:11	Warning: 	File has moved from https://thietbitienphat.vn/?p=425 to https://thietbitienphat.vn/mua/bep-cach-thuy-co-lac-model-bs-06/
19:27:11	Warning: 	Moved Permanently for https://thietbitienphat.vn/?p=424
19:27:11	Warning: 	File has moved from https://thietbitienphat.vn/?p=424 to https://thietbitienphat.vn/mua/bep-cach-thuy-co-lac-model-bs-11/
19:27:11	Warning: 	Moved Permanently for https://thietbitienphat.vn/?p=423
19:27:11	Warning: 	File has moved from https://thietbitienphat.vn/?p=423 to https://thietbitienphat.vn/mua/bep-cach-thuy-co-lac-model-bs-21/
19:27:11	Warning: 	Moved Permanently for https://thietbitienphat.vn/?p=421
19:27:11	Warning: 	File has moved from https://thietbitienphat.vn/?p=421 to https://thietbitienphat.vn/mua/bep-cach-thuy-co-lac-model-bs-31/
19:27:11	Warning: 	Moved Permanently for https://thietbitienphat.vn/?p=761
19:27:11	Warning: 	File has moved from https://thietbitienphat.vn/?p=761 to https://thietbitienphat.vn/mua/bep-cach-thuy-co-lacshaking-water-shaker/
19:27:11	Warning: 	Moved Permanently for https://thietbitienphat.vn/?p=763
19:27:11	Warning: 	File has moved from https://thietbitienphat.vn/?p=763 to https://thietbitienphat.vn/mua/bep-cach-thuy-co-lacshaking-water-shaker-2/
19:27:11	Warning: 	Moved Permanently for https://thietbitienphat.vn/?p=764
19:27:11	Warning: 	File has moved from https://thietbitienphat.vn/?p=764 to https://thietbitienphat.vn/mua/bep-cach-thuy-co-lacshaking-water-shaker-3/
19:27:11	Warning: 	Moved Permanently for https://thietbitienphat.vn/?p=490
19:27:11	Warning: 	File has moved from https://thietbitienphat.vn/?p=490 to https://thietbitienphat.vn/mua/bep-cach-thuy-loai-6-vi-tri/
19:27:11	Warning: 	Moved Permanently for https://thietbitienphat.vn/?p=420
19:27:11	Warning: 	File has moved from https://thietbitienphat.vn/?p=420 to https://thietbitienphat.vn/mua/bep-cach-thuy-model-wb-11/
19:27:11	Warning: 	Moved Permanently for https://thietbitienphat.vn/?p=418
19:27:11	Warning: 	File has moved from https://thietbitienphat.vn/?p=418 to https://thietbitienphat.vn/mua/bep-cach-thuy-model-wb-22/
19:27:11	Warning: 	Moved Permanently for https://thietbitienphat.vn/?p=539
19:27:11	Warning: 	File has moved from https://thietbitienphat.vn/?p=539 to https://thietbitienphat.vn/mua/bep-dun-binh-cau/
19:27:11	Warning: 	Moved Permanently for https://thietbitienphat.vn/?p=541
19:27:11	Warning: 	File has moved from https://thietbitienphat.vn/?p=541 to https://thietbitienphat.vn/mua/bep-dun-binh-cau-fthm-f200/
19:27:17	Warning: 	Moved Permanently for https://thietbitienphat.vn/danh-muc/hang-co-san/page/1/
19:27:17	Warning: 	File has moved from https://thietbitienphat.vn/danh-muc/hang-co-san/page/1/ to https://thietbitienphat.vn/danh-muc/hang-co-san/
19:27:17	Warning: 	Moved Permanently for https://thietbitienphat.vn/?p=537
19:27:17	Warning: 	File has moved from https://thietbitienphat.vn/?p=537 to https://thietbitienphat.vn/mua/bep-dun-binh-cau-1000ml/
19:27:17	Warning: 	Moved Permanently for https://thietbitienphat.vn/?p=536
19:27:17	Warning: 	File has moved from https://thietbitienphat.vn/?p=536 to https://thietbitienphat.vn/mua/bep-dun-binh-cau-2000ml/
19:27:17	Warning: 	Moved Permanently for https://thietbitienphat.vn/?p=534
19:27:17	Warning: 	File has moved from https://thietbitienphat.vn/?p=534 to https://thietbitienphat.vn/mua/bep-dun-binh-cau-5000ml/
19:27:17	Warning: 	Moved Permanently for https://thietbitienphat.vn/?p=538
19:27:17	Warning: 	File has moved from https://thietbitienphat.vn/?p=538 to https://thietbitienphat.vn/mua/bep-dun-binh-cau-500ml/
19:27:17	Warning: 	Moved Permanently for https://thietbitienphat.vn/?p=542
19:27:17	Warning: 	File has moved from https://thietbitienphat.vn/?p=542 to https://thietbitienphat.vn/mua/bep-dun-binh-cau-fthm-f100/
19:27:17	Warning: 	Moved Permanently for https://thietbitienphat.vn/?p=543
19:27:17	Warning: 	File has moved from https://thietbitienphat.vn/?p=543 to https://thietbitienphat.vn/mua/bep-dun-binh-cau-whm12013/
19:27:17	Warning: 	Moved Permanently for https://thietbitienphat.vn/?p=545
19:27:17	Warning: 	File has moved from https://thietbitienphat.vn/?p=545 to https://thietbitienphat.vn/mua/bep-dun-binh-cau-whm12015/
19:27:17	Warning: 	Moved Permanently for https://thietbitienphat.vn/?p=492
19:27:17	Warning: 	File has moved from https://thietbitienphat.vn/?p=492 to https://thietbitienphat.vn/mua/bep-gia-nhiet/
19:27:17	Warning: 	Moved Permanently for https://thietbitienphat.vn/?p=494
19:27:17	Warning: 	File has moved from https://thietbitienphat.vn/?p=494 to https://thietbitienphat.vn/mua/bep-gia-nhiet-2/
19:27:17	Warning: 	Moved Permanently for https://thietbitienphat.vn/?p=485
19:27:17	Warning: 	File has moved from https://thietbitienphat.vn/?p=485 to https://thietbitienphat.vn/mua/binh-hut-chan-khongco-dong-ho-chan-khong/
19:27:17	Warning: 	Moved Permanently for https://thietbitienphat.vn/?p=487
19:27:17	Warning: 	File has moved from https://thietbitienphat.vn/?p=487 to https://thietbitienphat.vn/mua/binh-hut-chan-khongco-dong-ho-chan-khong-2/
19:27:17	Warning: 	Moved Permanently for https://thietbitienphat.vn/?p=394
19:27:17	Warning: 	File has moved from https://thietbitienphat.vn/?p=394 to https://thietbitienphat.vn/mua/bo-phan-phoi-dung-moi-dispenser-dai-phan-phoi-mau-0-5-5ml/
19:27:17	Warning: 	Moved Permanently for https://thietbitienphat.vn/?p=396
19:27:17	Warning: 	File has moved from https://thietbitienphat.vn/?p=396 to https://thietbitienphat.vn/mua/bo-phan-phoi-dung-moi-dispenser-dai-phan-phoi-mau-1-10ml-muc-chia-0-2ml/
19:27:17	Warning: 	Moved Permanently for https://thietbitienphat.vn/?p=397
19:27:17	Warning: 	File has moved from https://thietbitienphat.vn/?p=397 to https://thietbitienphat.vn/mua/bo-phan-phoi-dung-moi-dispenser-dai-phan-phoi-mau-10-100-ml/
19:27:17	Warning: 	Moved Permanently for https://thietbitienphat.vn/?p=515
19:27:17	Warning: 	File has moved from https://thietbitienphat.vn/?p=515 to https://thietbitienphat.vn/mua/kinh-hien-vi-quang-hoc-2-mat/
19:27:17	Error: 	"Not Found" (404) at link https://thietbitienphat.vn/thumbnail.php?src=https://thietbitienphat.vn/wp-content/uploads/2020/01/kinh-hien-vi-sinh-hoc-2-mat-euromex-mb-1152.jpg&w=420&h=420&zc=1&a=c (from https://thietbitienphat.vn/mua/kinh-hien-vi-quang-hoc-2-mat/)
19:27:17	Warning: 	Moved Permanently for https://thietbitienphat.vn/?p=517
19:27:17	Warning: 	File has moved from https://thietbitienphat.vn/?p=517 to https://thietbitienphat.vn/mua/kinh-hien-vi-quang-hoc-2-mat-2/
19:27:17	Warning: 	Moved Permanently for https://thietbitienphat.vn/?p=519
19:27:17	Warning: 	File has moved from https://thietbitienphat.vn/?p=519 to https://thietbitienphat.vn/mua/kinh-hien-vi-quang-hoc-2-mat-3/
19:27:17	Warning: 	Moved Permanently for https://thietbitienphat.vn/?p=523
19:27:17	Warning: 	File has moved from https://thietbitienphat.vn/?p=523 to https://thietbitienphat.vn/mua/kinh-hien-vi-quang-hoc-3-mat-co-cong-noi-voi-camera-ky-thuat/
19:27:17	Warning: 	Moved Permanently for https://thietbitienphat.vn/?p=521
19:27:17	Warning: 	File has moved from https://thietbitienphat.vn/?p=521 to https://thietbitienphat.vn/mua/kinh-hien-vi-quang-hoc-3-mat-co-camera/
19:27:17	Warning: 	Moved Permanently for https://thietbitienphat.vn/danh-muc/thiet-bi-co-ban-ptn/page/1/
19:27:17	Warning: 	File has moved from https://thietbitienphat.vn/danh-muc/thiet-bi-co-ban-ptn/page/1/ to https://thietbitienphat.vn/danh-muc/thiet-bi-co-ban-ptn/
19:27:27	Warning: 	Moved Permanently for https://thietbitienphat.vn/danh-muc/thiet-bi-hoa/page/1/
19:27:27	Warning: 	File has moved from https://thietbitienphat.vn/danh-muc/thiet-bi-hoa/page/1/ to https://thietbitienphat.vn/danh-muc/thiet-bi-hoa/
19:27:27	Warning: 	Moved Permanently for https://thietbitienphat.vn/?p=883
19:27:27	Warning: 	File has moved from https://thietbitienphat.vn/?p=883 to https://thietbitienphat.vn/mua/bo-chung-cat-dam-kjeldahl-ban-tu-dong-model-udk-129/
19:27:27	Warning: 	Moved Permanently for https://thietbitienphat.vn/?p=891
19:27:27	Warning: 	File has moved from https://thietbitienphat.vn/?p=891 to https://thietbitienphat.vn/mua/bo-pha-mau-08-cho-model-dk8/
19:27:27	Warning: 	Moved Permanently for https://thietbitienphat.vn/?p=893
19:27:27	Warning: 	File has moved from https://thietbitienphat.vn/?p=893 to https://thietbitienphat.vn/mua/bo-trung-hoa-khi-doc-model-sms/
19:27:27	Warning: 	Moved Permanently for https://thietbitienphat.vn/?p=895
19:27:27	Warning: 	File has moved from https://thietbitienphat.vn/?p=895 to https://thietbitienphat.vn/mua/bom-hut-khi-doc-model-jp/
19:27:27	Warning: 	Moved Permanently for https://thietbitienphat.vn/?p=871
19:27:27	Warning: 	File has moved from https://thietbitienphat.vn/?p=871 to https://thietbitienphat.vn/mua/den-uv-2-buoc-song-365nm-254nm-vl6-lc/
19:27:27	Warning: 	Moved Permanently for https://thietbitienphat.vn/?p=910
19:27:27	Warning: 	File has moved from https://thietbitienphat.vn/?p=910 to https://thietbitienphat.vn/mua/thong-co-quay-chan-khong-2/
19:27:27	Warning: 	Moved Permanently for https://thietbitienphat.vn/?p=914
19:27:27	Warning: 	File has moved from https://thietbitienphat.vn/?p=914 to https://thietbitienphat.vn/mua/thong-co-quay-chan-khong-3/
19:27:27	Warning: 	Moved Permanently for https://thietbitienphat.vn/?p=777
19:27:27	Warning: 	File has moved from https://thietbitienphat.vn/?p=777 to https://thietbitienphat.vn/mua/lo-nung-1100-0c/
19:27:27	Warning: 	Moved Permanently for https://thietbitienphat.vn/?p=779
19:27:27	Warning: 	File has moved from https://thietbitienphat.vn/?p=779 to https://thietbitienphat.vn/mua/lo-nung-1100-0c-2/
19:27:27	Warning: 	Moved Permanently for https://thietbitienphat.vn/?p=780
19:27:27	Warning: 	File has moved from https://thietbitienphat.vn/?p=780 to https://thietbitienphat.vn/mua/lo-nung-1100-0c-3/
19:27:27	Warning: 	Moved Permanently for https://thietbitienphat.vn/?p=455
19:27:27	Warning: 	File has moved from https://thietbitienphat.vn/?p=455 to https://thietbitienphat.vn/mua/lo-nung-1200-0c-model-l-1512/
19:27:27	Warning: 	Moved Permanently for https://thietbitienphat.vn/?p=459
19:27:27	Warning: 	File has moved from https://thietbitienphat.vn/?p=459 to https://thietbitienphat.vn/mua/lo-nung-1200-0c-model-l-512/
19:27:27	Warning: 	Moved Permanently for https://thietbitienphat.vn/?p=457
19:27:27	Warning: 	File has moved from https://thietbitienphat.vn/?p=457 to https://thietbitienphat.vn/mua/lo-nung-1200-0c-model-l-912/
19:27:27	Warning: 	Moved Permanently for https://thietbitienphat.vn/?p=468
19:27:27	Warning: 	File has moved from https://thietbitienphat.vn/?p=468 to https://thietbitienphat.vn/mua/lo-nung-le-1411/
19:27:27	Warning: 	Moved Permanently for https://thietbitienphat.vn/?p=470
19:27:27	Warning: 	File has moved from https://thietbitienphat.vn/?p=470 to https://thietbitienphat.vn/mua/lo-nung-le-611/
19:27:27	Warning: 	Moved Permanently for https://thietbitienphat.vn/?p=464
19:27:27	Warning: 	File has moved from https://thietbitienphat.vn/?p=464 to https://thietbitienphat.vn/mua/lo-nung-model-l-1511/
19:27:27	Warning: 	Moved Permanently for https://thietbitienphat.vn/?p=467
19:27:27	Warning: 	File has moved from https://thietbitienphat.vn/?p=467 to https://thietbitienphat.vn/mua/lo-nung-model-l-511/
19:27:27	Warning: 	Moved Permanently for https://thietbitienphat.vn/?p=453
19:27:27	Warning: 	File has moved from https://thietbitienphat.vn/?p=453 to https://thietbitienphat.vn/mua/lo-nung-model-l-513/
19:27:27	Warning: 	Moved Permanently for https://thietbitienphat.vn/?p=466
19:27:27	Warning: 	File has moved from https://thietbitienphat.vn/?p=466 to https://thietbitienphat.vn/mua/lo-nung-model-l-911/
19:27:27	Warning: 	Moved Permanently for https://thietbitienphat.vn/?p=451
19:27:27	Warning: 	File has moved from https://thietbitienphat.vn/?p=451 to https://thietbitienphat.vn/mua/lo-nung-model-lh-1514/
19:27:28	Warning: 	Moved Permanently for https://thietbitienphat.vn/?p=460
19:27:28	Warning: 	File has moved from https://thietbitienphat.vn/?p=460 to https://thietbitienphat.vn/mua/lo-nung-model-lt-1511/
19:27:34	Warning: 	Moved Permanently for https://thietbitienphat.vn/danh-muc/thiet-bi-sinh/page/1/
19:27:34	Warning: 	File has moved from https://thietbitienphat.vn/danh-muc/thiet-bi-sinh/page/1/ to https://thietbitienphat.vn/danh-muc/thiet-bi-sinh/
19:27:34	Warning: 	Moved Permanently for https://thietbitienphat.vn/?p=845
19:27:34	Warning: 	File has moved from https://thietbitienphat.vn/?p=845 to https://thietbitienphat.vn/mua/bo-dien-di-ngang-voi-tinh-nang-thu-hoi-dung-dich-dem/
19:27:34	Warning: 	Moved Permanently for https://thietbitienphat.vn/?p=848
19:27:34	Warning: 	File has moved from https://thietbitienphat.vn/?p=848 to https://thietbitienphat.vn/mua/thong-dien-di-dungdien-di-dna/
19:27:34	Warning: 	Moved Permanently for https://thietbitienphat.vn/?p=842
19:27:34	Warning: 	File has moved from https://thietbitienphat.vn/?p=842 to https://thietbitienphat.vn/mua/thong-dien-di-ngang/
19:27:34	Warning: 	Moved Permanently for https://thietbitienphat.vn/?p=719
19:27:34	Warning: 	File has moved from https://thietbitienphat.vn/?p=719 to https://thietbitienphat.vn/mua/may-dem-khuan-lac/
19:27:34	Warning: 	Moved Permanently for https://thietbitienphat.vn/?p=840
19:27:34	Warning: 	File has moved from https://thietbitienphat.vn/?p=840 to https://thietbitienphat.vn/mua/may-dem-khuan-lac-tu-dong/
19:27:34	Warning: 	Moved Permanently for https://thietbitienphat.vn/?p=717
19:27:34	Warning: 	File has moved from https://thietbitienphat.vn/?p=717 to https://thietbitienphat.vn/mua/may-vong-vo-khuan/
19:27:34	Warning: 	Moved Permanently for https://thietbitienphat.vn/?p=445
19:27:34	Warning: 	File has moved from https://thietbitienphat.vn/?p=445 to https://thietbitienphat.vn/mua/may-lac-nhiet-lanh-model-ist-4075r/
19:27:34	Warning: 	Moved Permanently for https://thietbitienphat.vn/?p=448
19:27:34	Warning: 	File has moved from https://thietbitienphat.vn/?p=448 to https://thietbitienphat.vn/mua/may-lac-nhiet-lanh-model-ist-3075r/
19:27:34	Warning: 	Moved Permanently for https://thietbitienphat.vn/?p=447
19:27:34	Warning: 	File has moved from https://thietbitienphat.vn/?p=447 to https://thietbitienphat.vn/mua/may-lac-nhiet-model-ist-4075/
19:27:34	Warning: 	Moved Permanently for https://thietbitienphat.vn/?p=530
19:27:34	Warning: 	File has moved from https://thietbitienphat.vn/?p=530 to https://thietbitienphat.vn/mua/thiet-bi-dot-que-cay-hien-thi-nhiet-model-st800-s/
19:27:34	Warning: 	Moved Permanently for https://thietbitienphat.vn/?p=750
19:27:34	Warning: 	File has moved from https://thietbitienphat.vn/?p=750 to https://thietbitienphat.vn/mua/thiet-bi-thu-mau-khi-kiem-tra-vi-sinh/
19:27:34	Warning: 	Moved Permanently for https://thietbitienphat.vn/?p=876
19:27:34	Warning: 	File has moved from https://thietbitienphat.vn/?p=876 to https://thietbitienphat.vn/mua/tu-model-ib-05g/
19:27:34	Warning: 	Moved Permanently for https://thietbitienphat.vn/?p=547
19:27:34	Warning: 	File has moved from https://thietbitienphat.vn/?p=547 to https://thietbitienphat.vn/mua/tu-dh-5000ii/
19:27:34	Warning: 	Moved Permanently for https://thietbitienphat.vn/?p=439
19:27:34	Warning: 	File has moved from https://thietbitienphat.vn/?p=439 to https://thietbitienphat.vn/mua/tu-lac-may-lac-nhiet-model-isf-7100/
19:27:34	Warning: 	Moved Permanently for https://thietbitienphat.vn/?p=436
19:27:34	Warning: 	File has moved from https://thietbitienphat.vn/?p=436 to https://thietbitienphat.vn/mua/tu-lac-may-lac-nhiet-model-isf-7200/
19:27:34	Warning: 	Moved Permanently for https://thietbitienphat.vn/?p=444
19:27:34	Warning: 	File has moved from https://thietbitienphat.vn/?p=444 to https://thietbitienphat.vn/mua/tu-lac-may-lac-nhiet-model-iss-3075/
19:27:34	Warning: 	Moved Permanently for https://thietbitienphat.vn/?p=442
19:27:34	Warning: 	File has moved from https://thietbitienphat.vn/?p=442 to https://thietbitienphat.vn/mua/tu-lac-may-lac-nhiet-model-iss-4075/
19:27:34	Warning: 	Moved Permanently for https://thietbitienphat.vn/?p=472
19:27:34	Warning: 	File has moved from https://thietbitienphat.vn/?p=472 to https://thietbitienphat.vn/mua/tu-lac-model-ist3075/
19:27:34	Warning: 	Moved Permanently for https://thietbitienphat.vn/?p=437
19:27:34	Warning: 	File has moved from https://thietbitienphat.vn/?p=437 to https://thietbitienphat.vn/mua/tu-lac-nhiet-lanh-may-lac-nhiet-lanh-model-isf-7100r/
19:27:34	Warning: 	Moved Permanently for https://thietbitienphat.vn/?p=434
19:27:34	Warning: 	File has moved from https://thietbitienphat.vn/?p=434 to https://thietbitienphat.vn/mua/tu-lac-nhiet-lanh-may-lac-nhiet-lanh-model-isf-7200r/
19:27:34	Warning: 	Moved Permanently for https://thietbitienphat.vn/?p=443
19:27:34	Warning: 	File has moved from https://thietbitienphat.vn/?p=443 to https://thietbitienphat.vn/mua/tu-lac-nhiet-lanh-may-lac-nhiet-lanh-model-iss-3075r/
19:27:34	Warning: 	Moved Permanently for https://thietbitienphat.vn/?p=440
19:27:34	Warning: 	File has moved from https://thietbitienphat.vn/?p=440 to https://thietbitienphat.vn/mua/tu-lac-nhiet-lanh-may-lac-nhiet-lanh-model-iss-4075r/
19:27:34	Warning: 	Moved Permanently for https://thietbitienphat.vn/?p=793
19:27:34	Warning: 	File has moved from https://thietbitienphat.vn/?p=793 to https://thietbitienphat.vn/mua/tu-lanh-150lit-model-li-il150/
19:27:34	Warning: 	Moved Permanently for https://thietbitienphat.vn/?p=921
19:27:34	Warning: 	File has moved from https://thietbitienphat.vn/?p=921 to https://thietbitienphat.vn/mua/thong-kinh-hien-vi-soi-nguoc-huynh-quang-co-gan-camera/
19:27:34	Warning: 	Moved Permanently for https://thietbitienphat.vn/?p=918
19:27:34	Warning: 	File has moved from https://thietbitienphat.vn/?p=918 to https://thietbitienphat.vn/mua/thong-kinh-hien-vi-soi-nguoc-phan-pha-co-gan-camera/
19:27:35	Warning: 	Moved Permanently for https://thietbitienphat.vn/?p=907
19:27:35	Warning: 	File has moved from https://thietbitienphat.vn/?p=907 to https://thietbitienphat.vn/mua/kinh-hien-vi-soi-noi-ba-mat-model-nz-1903p/
19:27:35	Warning: 	Moved Permanently for https://thietbitienphat.vn/?p=904
19:27:35	Warning: 	File has moved from https://thietbitienphat.vn/?p=904 to https://thietbitienphat.vn/mua/kinh-hien-vi-soi-noi-co-den-chieu-sang-kep-nz-1903-s/
19:27:35	Warning: 	Moved Permanently for https://thietbitienphat.vn/?p=836
19:27:35	Warning: 	File has moved from https://thietbitienphat.vn/?p=836 to https://thietbitienphat.vn/mua/may-dem-hat-bui-cam-tay/
19:27:35	Warning: 	Moved Permanently for https://thietbitienphat.vn/?p=834
19:27:35	Warning: 	File has moved from https://thietbitienphat.vn/?p=834 to https://thietbitienphat.vn/mua/may-dem-hat-bui-xach-tay/
19:27:35	Warning: 	Moved Permanently for https://thietbitienphat.vn/?p=400
19:27:35	Warning: 	File has moved from https://thietbitienphat.vn/?p=400 to https://thietbitienphat.vn/mua/may-co2-cam-tay-model-dgm-200/
19:27:35	Warning: 	Moved Permanently for https://thietbitienphat.vn/?p=398
19:27:35	Warning: 	File has moved from https://thietbitienphat.vn/?p=398 to https://thietbitienphat.vn/mua/may-co2-trong-lon-chai-dien-tu-model-bcc-7001/
19:27:35	Warning: 	Moved Permanently for https://thietbitienphat.vn/?p=405
19:27:35	Warning: 	File has moved from https://thietbitienphat.vn/?p=405 to https://thietbitienphat.vn/mua/may-co2-trong-chai-bang-tay-hien-thi-kim-model-ipack-3000/
19:27:35	Warning: 	Moved Permanently for https://thietbitienphat.vn/?p=403
19:27:35	Warning: 	File has moved from https://thietbitienphat.vn/?p=403 to https://thietbitienphat.vn/mua/may-co2-trong-chai-bang-tay-hien-thi-model-bcc-200/
19:27:35	Warning: 	Moved Permanently for https://thietbitienphat.vn/?p=647
19:27:35	Warning: 	File has moved from https://thietbitienphat.vn/?p=647 to https://thietbitienphat.vn/mua/may-hoa-tan-cua-thuoc-copley-scientific-dis-6000/
19:27:35	Warning: 	Moved Permanently for https://thietbitienphat.vn/?p=525
19:27:35	Warning: 	File has moved from https://thietbitienphat.vn/?p=525 to https://thietbitienphat.vn/mua/may-hoa-tan-cua-thuoc-copley-scientific-dis-8000/
19:27:35	Warning: 	Moved Permanently for https://thietbitienphat.vn/?p=822
19:27:35	Warning: 	File has moved from https://thietbitienphat.vn/?p=822 to https://thietbitienphat.vn/mua/may-mai-mon-vien-thuoc/
19:27:35	Warning: 	Moved Permanently for https://thietbitienphat.vn/?p=824
19:27:35	Warning: 	File has moved from https://thietbitienphat.vn/?p=824 to https://thietbitienphat.vn/mua/may-mai-mon-vien-thuoc-2/
19:27:35	Warning: 	Moved Permanently for https://thietbitienphat.vn/?p=816
19:27:35	Warning: 	File has moved from https://thietbitienphat.vn/?p=816 to https://thietbitienphat.vn/mua/may-thu-cung-vien-thuoc/
19:27:35	Warning: 	Moved Permanently for https://thietbitienphat.vn/?p=818
19:27:35	Warning: 	File has moved from https://thietbitienphat.vn/?p=818 to https://thietbitienphat.vn/mua/may-thu-cung-vien-thuoc-2/
19:27:35	Warning: 	Moved Permanently for https://thietbitienphat.vn/?p=820
19:27:35	Warning: 	File has moved from https://thietbitienphat.vn/?p=820 to https://thietbitienphat.vn/mua/may-thu-cung-vien-thuoc-ban-tu-dong/
19:27:35	Warning: 	Moved Permanently for https://thietbitienphat.vn/?p=830
19:27:35	Warning: 	File has moved from https://thietbitienphat.vn/?p=830 to https://thietbitienphat.vn/mua/thiet-bi-tron-chay-cua-bot-thuoc/
19:27:35	Warning: 	Moved Permanently for https://thietbitienphat.vn/?p=826
19:27:35	Warning: 	File has moved from https://thietbitienphat.vn/?p=826 to https://thietbitienphat.vn/mua/thiet-bi-ty-trong-cua-thuoc-bot/
19:27:35	Warning: 	Moved Permanently for https://thietbitienphat.vn/?p=828
19:27:35	Warning: 	File has moved from https://thietbitienphat.vn/?p=828 to https://thietbitienphat.vn/mua/thiet-bi-ty-trong-cua-thuoc-bot-jv-2000/
19:27:35	Warning: 	Moved Permanently for https://thietbitienphat.vn/?p=415
19:27:35	Warning: 	File has moved from https://thietbitienphat.vn/?p=415 to https://thietbitienphat.vn/mua/can-ban-phan-tich-dien-tu-hien-chuan-ngoai-420g-x-0-001g-model-px423e/
19:27:35	Warning: 	Moved Permanently for https://thietbitienphat.vn/?p=417
19:27:35	Warning: 	File has moved from https://thietbitienphat.vn/?p=417 to https://thietbitienphat.vn/mua/can-ban-phan-tich-dien-tu-hien-chuan-ngoai-220g-x-0-001g-model-px223e/
19:27:35	Warning: 	Moved Permanently for https://thietbitienphat.vn/?p=409
19:27:35	Warning: 	File has moved from https://thietbitienphat.vn/?p=409 to https://thietbitienphat.vn/mua/may-khuay-dua-dang-co-model-msa-0420/
19:27:35	Warning: 	Moved Permanently for https://thietbitienphat.vn/?p=428
19:27:35	Warning: 	File has moved from https://thietbitienphat.vn/?p=428 to https://thietbitienphat.vn/mua/tu-sach-vo-trung-pha-che-moi-truongvertical-laminar-flow-cleanbench-model-bc-11h/
19:27:35	Warning: 	Moved Permanently for https://thietbitienphat.vn/?p=432
19:27:35	Warning: 	File has moved from https://thietbitienphat.vn/?p=432 to https://thietbitienphat.vn/mua/tu-sach-vo-trung-pha-che-moi-truongvertical-laminar-flow-cleanbench-model-bc-11b/
19:27:35	Warning: 	Moved Permanently for https://thietbitienphat.vn/?p=429
19:27:35	Warning: 	File has moved from https://thietbitienphat.vn/?p=429 to https://thietbitienphat.vn/mua/tu-sach-vo-trung-pha-che-moi-truongvertical-laminar-flow-cleanbench-model-bc-01h/
19:27:35	Error: 	"Internal Server Error" (500) after 2 retries at link https://thietbitienphat.vn/wp-content/themes/thientrieu/ (from https://thietbitienphat.vn/)
19:27:35	Warning: 	Moved Permanently for https://thietbitienphat.vn/nha-san-xuat/lk-lab-han-quoc/page/1/
19:27:35	Warning: 	File has moved from https://thietbitienphat.vn/nha-san-xuat/lk-lab-han-quoc/page/1/ to https://thietbitienphat.vn/nha-san-xuat/lk-lab-han-quoc/
19:27:35	Warning: 	Moved Permanently for https://thietbitienphat.vn/?p=770
19:27:35	Warning: 	File has moved from https://thietbitienphat.vn/?p=770 to https://thietbitienphat.vn/mua/bep-gia-nhiet-3/
19:27:35	Warning: 	Moved Permanently for https://thietbitienphat.vn/?p=496
19:27:35	Warning: 	File has moved from https://thietbitienphat.vn/?p=496 to https://thietbitienphat.vn/mua/may-khuay-tu-gia-nhiet/
19:27:35	Warning: 	Moved Permanently for https://thietbitienphat.vn/?p=772
19:27:35	Warning: 	File has moved from https://thietbitienphat.vn/?p=772 to https://thietbitienphat.vn/mua/may-khuay-tu-gia-nhiet-3/
19:27:35	Warning: 	Moved Permanently for https://thietbitienphat.vn/?p=773
19:27:35	Warning: 	File has moved from https://thietbitienphat.vn/?p=773 to https://thietbitienphat.vn/mua/may-khuay-tu-gia-nhiet-co-cai-dat-thoi-gian-pd1150/
19:27:35	Warning: 	Moved Permanently for https://thietbitienphat.vn/?p=775
19:27:35	Warning: 	File has moved from https://thietbitienphat.vn/?p=775 to https://thietbitienphat.vn/mua/may-khuay-tu-gia-nhiet-co-cai-dat-thoi-gian-va-sensor-nhiet-thuc-cua-dung-dich/
19:27:35	Warning: 	Moved Permanently for https://thietbitienphat.vn/?p=788
19:27:35	Warning: 	File has moved from https://thietbitienphat.vn/?p=788 to https://thietbitienphat.vn/mua/noi-hap-tiet-trung-100lit-hac100/
19:27:35	Warning: 	Moved Permanently for https://thietbitienphat.vn/?p=781
19:27:35	Warning: 	File has moved from https://thietbitienphat.vn/?p=781 to https://thietbitienphat.vn/mua/noi-hap-tiet-trung-hac045/
19:27:35	Warning: 	Moved Permanently for https://thietbitienphat.vn/?p=784
19:27:35	Warning: 	File has moved from https://thietbitienphat.vn/?p=784 to https://thietbitienphat.vn/mua/noi-hap-tiet-trung-60lit-hac060/
19:27:35	Warning: 	Moved Permanently for https://thietbitienphat.vn/?p=786
19:27:35	Warning: 	File has moved from https://thietbitienphat.vn/?p=786 to https://thietbitienphat.vn/mua/noi-hap-tiet-trung-80lit-hac080/
19:27:35	Warning: 	Moved Permanently for https://thietbitienphat.vn/?p=789
19:27:35	Warning: 	File has moved from https://thietbitienphat.vn/?p=789 to https://thietbitienphat.vn/mua/noi-hap-tiet-trung-cai-dat-chuong-trinh-tiet-trung-hac060p/
19:27:35	Warning: 	Moved Permanently for https://thietbitienphat.vn/?p=791
19:27:35	Warning: 	File has moved from https://thietbitienphat.vn/?p=791 to https://thietbitienphat.vn/mua/noi-hap-tiet-trung-cai-dat-chuong-trinh-tiet-trung-hac080p/
19:27:35	Warning: 	Moved Permanently for https://thietbitienphat.vn/?p=504
19:27:35	Warning: 	File has moved from https://thietbitienphat.vn/?p=504 to https://thietbitienphat.vn/mua/may-khuay-tu-gia-nhiet-co-cai-dat-thoi-gian/
19:27:35	Warning: 	Moved Permanently for https://thietbitienphat.vn/?p=502
19:27:35	Warning: 	File has moved from https://thietbitienphat.vn/?p=502 to https://thietbitienphat.vn/mua/may-khuay-tu-gia-nhiet-co-cai-dat-thoi-gian-va-dau-nhiet-nhiet-thuc-cua-dung-dich/
19:27:35	Warning: 	Moved Permanently for https://thietbitienphat.vn/?p=563
19:27:35	Warning: 	File has moved from https://thietbitienphat.vn/?p=563 to https://thietbitienphat.vn/mua/may-ly-tam-spin/
19:27:35	Warning: 	Moved Permanently for https://thietbitienphat.vn/?p=729
19:27:35	Warning: 	File has moved from https://thietbitienphat.vn/?p=729 to https://thietbitienphat.vn/mua/noi-hap-tiet-trung-maxterile-100/
19:27:35	Warning: 	Moved Permanently for https://thietbitienphat.vn/?p=723
19:27:35	Warning: 	File has moved from https://thietbitienphat.vn/?p=723 to https://thietbitienphat.vn/mua/noi-hap-tiet-trung-maxterile-47/
19:27:35	Warning: 	Moved Permanently for https://thietbitienphat.vn/?p=726
19:27:35	Warning: 	File has moved from https://thietbitienphat.vn/?p=726 to https://thietbitienphat.vn/mua/noi-hap-tiet-trung-maxterile-60/
19:27:35	Warning: 	Moved Permanently for https://thietbitienphat.vn/?p=727
19:27:35	Warning: 	File has moved from https://thietbitienphat.vn/?p=727 to https://thietbitienphat.vn/mua/noi-hap-tiet-trung-maxterile-80/
19:27:35	Warning: 	Moved Permanently for https://thietbitienphat.vn/?p=508
19:27:35	Warning: 	File has moved from https://thietbitienphat.vn/?p=508 to https://thietbitienphat.vn/mua/pipette-controller-tu-dong-tich-hut-tu-01-ml-den-100-ml/
19:27:35	Warning: 	Moved Permanently for https://thietbitienphat.vn/?p=500
19:27:35	Warning: 	File has moved from https://thietbitienphat.vn/?p=500 to https://thietbitienphat.vn/mua/may-khuay-tu-gia-nhiet-2/
19:27:35	Warning: 	Moved Permanently for https://thietbitienphat.vn/?p=484
19:27:35	Warning: 	File has moved from https://thietbitienphat.vn/?p=484 to https://thietbitienphat.vn/mua/tu-say-doi-luu-cuong-buc-2/
19:27:35	Warning: 	Moved Permanently for https://thietbitienphat.vn/?p=549
19:27:35	Warning: 	File has moved from https://thietbitienphat.vn/?p=549 to https://thietbitienphat.vn/mua/tu-say-hien-136-lit/
19:27:35	Warning: 	Moved Permanently for https://thietbitienphat.vn/?p=488
19:27:35	Warning: 	File has moved from https://thietbitienphat.vn/?p=488 to https://thietbitienphat.vn/mua/may-ly-tam/
19:27:35	Warning: 	Moved Permanently for https://thietbitienphat.vn/nha-san-xuat/jeiotech-han-quoc/page/1/
19:27:35	Warning: 	File has moved from https://thietbitienphat.vn/nha-san-xuat/jeiotech-han-quoc/page/1/ to https://thietbitienphat.vn/nha-san-xuat/jeiotech-han-quoc/
19:27:35	Warning: 	Moved Permanently for https://thietbitienphat.vn/?p=483
19:27:35	Warning: 	File has moved from https://thietbitienphat.vn/?p=483 to https://thietbitienphat.vn/mua/may-lac-tron-model-os-4000/
19:27:35	Warning: 	Moved Permanently for https://thietbitienphat.vn/?p=481
19:27:35	Warning: 	File has moved from https://thietbitienphat.vn/?p=481 to https://thietbitienphat.vn/mua/may-lac-tron-model-os-7100/
19:27:36	Warning: 	Moved Permanently for https://thietbitienphat.vn/?p=479
19:27:36	Warning: 	File has moved from https://thietbitienphat.vn/?p=479 to https://thietbitienphat.vn/mua/may-lac-tron-model-os-7200/
19:27:36	Warning: 	Moved Permanently for https://thietbitienphat.vn/?p=478
19:27:36	Warning: 	File has moved from https://thietbitienphat.vn/?p=478 to https://thietbitienphat.vn/mua/may-lac-tron-model-skc-6075/
19:27:36	Warning: 	Moved Permanently for https://thietbitienphat.vn/?p=476
19:27:36	Warning: 	File has moved from https://thietbitienphat.vn/?p=476 to https://thietbitienphat.vn/mua/may-lac-tron-model-skc-6200/
19:27:36	Warning: 	Moved Permanently for https://thietbitienphat.vn/?p=474
19:27:36	Warning: 	File has moved from https://thietbitienphat.vn/?p=474 to https://thietbitienphat.vn/mua/may-lac-tron-model-skc-7075/
19:27:36	Warning: 	Moved Permanently for https://thietbitienphat.vn/?p=557
19:27:36	Warning: 	File has moved from https://thietbitienphat.vn/?p=557 to https://thietbitienphat.vn/mua/may-lac-tron-va-lac-ngang-os-2000/
19:27:36	Warning: 	Moved Permanently for https://thietbitienphat.vn/?p=555
19:27:36	Warning: 	File has moved from https://thietbitienphat.vn/?p=555 to https://thietbitienphat.vn/mua/may-lac-tron-va-lac-ngang-os-3000/
19:27:36	Warning: 	Moved Permanently for https://thietbitienphat.vn/?p=713
19:27:36	Warning: 	File has moved from https://thietbitienphat.vn/?p=713 to https://thietbitienphat.vn/mua/thiet-bi-xac-dinh-amcan-say/
19:27:36	Warning: 	Moved Permanently for https://thietbitienphat.vn/?p=463
19:27:36	Warning: 	File has moved from https://thietbitienphat.vn/?p=463 to https://thietbitienphat.vn/mua/lo-nung-model-lt-511/
19:27:36	Warning: 	Moved Permanently for https://thietbitienphat.vn/?p=462
19:27:36	Warning: 	File has moved from https://thietbitienphat.vn/?p=462 to https://thietbitienphat.vn/mua/lo-nung-model-lt-911/
19:27:36	Warning: 	Moved Permanently for https://thietbitienphat.vn/?p=449
19:27:36	Warning: 	File has moved from https://thietbitienphat.vn/?p=449 to https://thietbitienphat.vn/mua/lo-nung-ong-dang-dung-model-rt-50-25011/
19:27:36	Warning: 	Moved Permanently for https://thietbitienphat.vn/?p=407
19:27:36	Warning: 	File has moved from https://thietbitienphat.vn/?p=407 to https://thietbitienphat.vn/mua/may-khong-khi-trong-chai-bang-tay-hien-thi-kim-model-can-5000/
19:27:36	Warning: 	Moved Permanently for https://thietbitienphat.vn/?p=554
19:27:36	Warning: 	File has moved from https://thietbitienphat.vn/?p=554 to https://thietbitienphat.vn/mua/may-lac-ngang-sk-l330-pro/
19:27:36	Warning: 	Moved Permanently for https://thietbitienphat.vn/?p=551
19:27:36	Warning: 	File has moved from https://thietbitienphat.vn/?p=551 to https://thietbitienphat.vn/mua/may-lac-tron/
19:27:36	Warning: 	Moved Permanently for https://thietbitienphat.vn/?p=532
19:27:36	Warning: 	File has moved from https://thietbitienphat.vn/?p=532 to https://thietbitienphat.vn/mua/tu-cay-vo-trung-toan-sinh-hoc-cap-ii-class-ii-biohazard-safety-cabinet-model-11231bbc86/
19:27:36	Warning: 	Moved Permanently for https://thietbitienphat.vn/?p=573
19:27:36	Warning: 	File has moved from https://thietbitienphat.vn/?p=573 to https://thietbitienphat.vn/mua/may-khuay-dua-ftds-11/
19:27:36	Warning: 	Moved Permanently for https://thietbitienphat.vn/?p=732
19:27:36	Warning: 	File has moved from https://thietbitienphat.vn/?p=732 to https://thietbitienphat.vn/mua/noi-hap-tiet-trung-model-ftac-705/
19:27:36	Warning: 	Moved Permanently for https://thietbitienphat.vn/?p=730
19:27:36	Warning: 	File has moved from https://thietbitienphat.vn/?p=730 to https://thietbitienphat.vn/mua/noi-hap-tiet-trung-model-ftac-703/
19:27:36	Warning: 	Moved Permanently for https://thietbitienphat.vn/?p=559
19:27:36	Warning: 	File has moved from https://thietbitienphat.vn/?p=559 to https://thietbitienphat.vn/mua/may-cat-nuoc-mot-lan-4-litgio/
19:27:36	Warning: 	Moved Permanently for https://thietbitienphat.vn/?p=561
19:27:36	Warning: 	File has moved from https://thietbitienphat.vn/?p=561 to https://thietbitienphat.vn/mua/may-nghien-mau/
19:27:36	Warning: 	Moved Permanently for https://thietbitienphat.vn/?p=567
19:27:36	Warning: 	File has moved from https://thietbitienphat.vn/?p=567 to https://thietbitienphat.vn/mua/may-ly-tam-12-cho-tube-15-ml/
19:27:36	Warning: 	Moved Permanently for https://thietbitienphat.vn/?p=565
19:27:36	Warning: 	File has moved from https://thietbitienphat.vn/?p=565 to https://thietbitienphat.vn/mua/may-ly-tam-hien-thi-plc-036/
19:27:36	Warning: 	Moved Permanently for https://thietbitienphat.vn/?p=737
19:27:36	Warning: 	File has moved from https://thietbitienphat.vn/?p=737 to https://thietbitienphat.vn/mua/may-loc-nuoc-sieu-sach-9000680/
19:27:36	Warning: 	Moved Permanently for https://thietbitienphat.vn/?p=796
19:27:36	Warning: 	File has moved from https://thietbitienphat.vn/?p=796 to https://thietbitienphat.vn/mua/may-ly-tam-lanh-model-rotina-380r/
19:27:36	Warning: 	Moved Permanently for https://thietbitienphat.vn/?p=800
19:27:36	Warning: 	File has moved from https://thietbitienphat.vn/?p=800 to https://thietbitienphat.vn/mua/may-ly-tam-lanh-model-universal-320r/
19:27:36	Warning: 	Moved Permanently for https://thietbitienphat.vn/?p=739
19:27:36	Warning: 	File has moved from https://thietbitienphat.vn/?p=739 to https://thietbitienphat.vn/mua/may-ly-tam-universal-320/
19:27:36	Warning: 	Moved Permanently for https://thietbitienphat.vn/?p=741
19:27:36	Warning: 	File has moved from https://thietbitienphat.vn/?p=741 to https://thietbitienphat.vn/mua/may-cat-nuoc-1-lan/
19:27:36	Warning: 	Moved Permanently for https://thietbitienphat.vn/?p=743
19:27:36	Warning: 	File has moved from https://thietbitienphat.vn/?p=743 to https://thietbitienphat.vn/mua/may-cat-nuoc-2-lan/
19:27:36	Warning: 	Moved Permanently for https://thietbitienphat.vn/?p=746
19:27:36	Warning: 	File has moved from https://thietbitienphat.vn/?p=746 to https://thietbitienphat.vn/mua/may-cat-nuoc-2-lan-wsc4d/
19:27:36	Warning: 	Moved Permanently for https://thietbitienphat.vn/?p=811
19:27:36	Warning: 	File has moved from https://thietbitienphat.vn/?p=811 to https://thietbitienphat.vn/mua/mauy-ly-taam-lainh-z36-hk/
19:27:36	Warning: 	Moved Permanently for https://thietbitienphat.vn/?p=808
19:27:36	Warning: 	File has moved from https://thietbitienphat.vn/?p=808 to https://thietbitienphat.vn/mua/may-ly-tam-z206a/
19:27:36	Warning: 	Moved Permanently for https://thietbitienphat.vn/?p=869
19:27:36	Warning: 	File has moved from https://thietbitienphat.vn/?p=869 to https://thietbitienphat.vn/mua/may-dan-cam-tay-di-hien-truong-c5020/
19:27:36	Warning: 	Moved Permanently for https://thietbitienphat.vn/?p=853
19:27:36	Warning: 	File has moved from https://thietbitienphat.vn/?p=853 to https://thietbitienphat.vn/mua/may-dan-de-ban-c1010/
19:27:36	Warning: 	Moved Permanently for https://thietbitienphat.vn/?p=870
19:27:36	Warning: 	File has moved from https://thietbitienphat.vn/?p=870 to https://thietbitienphat.vn/mua/may-oxy-hoa-tannhiet-cam-tay-di-hien-truong-c5010/
19:27:36	Warning: 	Moved Permanently for https://thietbitienphat.vn/?p=850
19:27:36	Warning: 	File has moved from https://thietbitienphat.vn/?p=850 to https://thietbitienphat.vn/mua/may-ph-de-ban-c1010/
19:27:36	Error: 	"Not Found" (404) at link https://thietbitienphat.vn/thumbnail.php?src=https://thietbitienphat.vn/wp-content/uploads/2020/02/MAY-DO-PH-CONSORT-MOI.png&w=420&h=420&zc=1&a=c (from https://thietbitienphat.vn/mua/may-ph-de-ban-c1010/)
19:27:36	Warning: 	Moved Permanently for https://thietbitienphat.vn/?p=862
19:27:36	Warning: 	File has moved from https://thietbitienphat.vn/?p=862 to https://thietbitienphat.vn/mua/may-ph-de-ban-c3030/
19:27:36	Warning: 	Moved Permanently for https://thietbitienphat.vn/?p=856
19:27:36	Warning: 	File has moved from https://thietbitienphat.vn/?p=856 to https://thietbitienphat.vn/mua/may-ph-va-dan-de-ban-c3010/
19:27:36	Warning: 	Moved Permanently for https://thietbitienphat.vn/?p=866
19:27:36	Warning: 	File has moved from https://thietbitienphat.vn/?p=866 to https://thietbitienphat.vn/mua/may-phnhiet-cam-tay-di-hien-truong-c5010/
19:27:36	Warning: 	Moved Permanently for https://thietbitienphat.vn/?p=874
19:27:36	Warning: 	File has moved from https://thietbitienphat.vn/?p=874 to https://thietbitienphat.vn/mua/tu-say-dien-tu-hien-un-53/
19:27:36	Warning: 	Moved Permanently for https://thietbitienphat.vn/?p=886
19:27:36	Warning: 	File has moved from https://thietbitienphat.vn/?p=886 to https://thietbitienphat.vn/mua/may-chung-cat-dam-tu-dong-udk-159/
19:27:37	Warning: 	Moved Permanently for https://thietbitienphat.vn/?p=806
19:27:37	Warning: 	File has moved from https://thietbitienphat.vn/?p=806 to https://thietbitienphat.vn/mua/tu-say-doi-luu-cuong-buc-fs-100/
19:27:37	Warning: 	Moved Permanently for https://thietbitienphat.vn/?p=878
19:27:37	Warning: 	File has moved from https://thietbitienphat.vn/?p=878 to https://thietbitienphat.vn/mua/tu-say-model-02g/
19:27:37	Warning: 	Moved Permanently for https://thietbitienphat.vn/?p=477
19:27:37	Warning: 	File has moved from https://thietbitienphat.vn/?p=477 to https://thietbitienphat.vn/mua/may-lac-tron-model-skc-6100/
19:27:37	Warning: 	Moved Permanently for https://thietbitienphat.vn/?p=792
19:27:37	Warning: 	File has moved from https://thietbitienphat.vn/?p=792 to https://thietbitienphat.vn/mua/noi-hap-tiet-trung-cai-dat-chuong-trinh-tiet-trung-hac100p/
19:27:37	Warning: 	Moved Permanently for https://thietbitienphat.vn/?p=803
19:27:37	Warning: 	File has moved from https://thietbitienphat.vn/?p=803 to https://thietbitienphat.vn/mua/tu-say-chan-khong-lo-vs-313n/
19:27:37	Warning: 	Moved Permanently for https://thietbitienphat.vn/?p=880
19:27:37	Warning: 	File has moved from https://thietbitienphat.vn/?p=880 to https://thietbitienphat.vn/mua/tu-say-chan-khong-model-ov-11/
19:27:37	Warning: 	Moved Permanently for https://thietbitienphat.vn/?p=795
19:27:37	Warning: 	File has moved from https://thietbitienphat.vn/?p=795 to https://thietbitienphat.vn/mua/tu-lanh-model-li-il250/
19:27:37	Warning: 	Moved Permanently for https://thietbitienphat.vn/?p=433
19:27:37	Warning: 	File has moved from https://thietbitienphat.vn/?p=433 to https://thietbitienphat.vn/mua/tu-sach-vo-trung-pha-che-moi-truongvertical-laminar-flow-cleanbench-model-bc-01b/
19:27:37	Warning: 	Moved Permanently for https://thietbitienphat.vn/?p=430
19:27:37	Warning: 	File has moved from https://thietbitienphat.vn/?p=430 to https://thietbitienphat.vn/mua/tu-sach-vo-trung-pha-che-moi-truongvertical-laminar-flow-cleanbench-model-bc-21b/
19:27:37	Warning: 	Moved Permanently for https://thietbitienphat.vn/?p=426
19:27:37	Warning: 	File has moved from https://thietbitienphat.vn/?p=426 to https://thietbitienphat.vn/mua/tu-sach-vo-trung-pha-che-moi-truongvertical-laminar-flow-cleanbench-model-bc-21h/

HTTrack Website Copier/3.49-2 mirror complete in 12 minutes 44 seconds : 1999 links scanned, 1753 files written (73530929 bytes overall) [58525465 bytes received at 76604 bytes/sec], 22518978 bytes transferred using HTTP compression in 1086 files, ratio 28%, 18.9 requests per connection
(17 errors, 452 warnings, 0 messages)
